GEOID,SUMLEV,STATE,COUNTY,CBSA,CSA,NECTA,CNECTA,NAME,POP100,HU100,POP100.2000,HU100.2000,P001001,P001001.2000
2700172,160,27,,,,,,Ada city,1707,837,1657,835,1707,1657
2700190,160,27,,,,,,Adams city,787,330,800,351,787,800
2700262,160,27,,,,,,Adrian city,1209,537,1234,527,1209,1234
2700460,160,27,,,,,,Aitkin city,2165,1097,1984,969,2165,1984
2700496,160,27,,,,,,Akeley city,432,242,412,234,432,412
2700676,160,27,,,,,,Alberta city,103,51,142,56,103,142
2700694,160,27,,,,,,Albert Lea city,18016,8410,18356,8133,18016,18356
2700730,160,27,,,,,,Albertville city,7044,2488,3621,1318,7044,3621
2700838,160,27,,,,,,Alden city,661,292,652,295,661,652
2700892,160,27,,,,,,Aldrich city,48,31,53,31,48,53
2700928,160,27,,,,,,Alexandria city,11070,5821,8820,4311,11070,8820
2701162,160,27,,,,,,Alpha city,116,58,126,61,116,126
2701234,160,27,,,,,,Altura city,493,188,417,172,493,417
2701252,160,27,,,,,,Alvarado city,363,177,371,179,363,371
2701324,160,27,,,,,,Amboy city,534,260,575,268,534,575
2701486,160,27,,,,,,Andover city,30598,10091,26588,8205,30598,26588
2701558,160,27,,,,,,Angle Inlet CDP,60,150,,,60,
2701684,160,27,,,,,,Annandale city,3228,1450,2684,1163,3228,2684
2701720,160,27,,,,,,Anoka city,17142,7493,18076,7398,17142,18076
2701864,160,27,,,,,,Appleton city,1412,851,2871,860,1412,2871
2701900,160,27,,,,,,Apple Valley city,49084,19600,45527,16536,49084,45527
2701972,160,27,,,,,,Arco city,75,51,100,51,75,100
2702026,160,27,,,,,,Arden Hills city,9552,3053,9652,3017,9552,9652
2702422,160,27,,,,,,Ashby city,446,232,472,202,446,472
2702548,160,27,,,,,,Askov city,364,188,368,181,364,368
2702728,160,27,,,,,,Audubon city,519,228,445,191,519,445
2702872,160,27,,,,,,Aurora city,1682,887,1850,893,1682,1850
2702908,160,27,,,,,,Austin city,24718,10870,23314,10261,24718,23314
2703052,160,27,,,,,,Avoca city,147,77,146,73,147,146
2703070,160,27,,,,,,Avon city,1396,592,1242,492,1396,1242
2703106,160,27,,,,,,Babbitt city,1475,818,1670,801,1475,1670
2703124,160,27,,,,,,Backus city,250,183,311,194,250,311
2703160,160,27,,,,,,Badger city,375,235,470,228,375,470
2703196,160,27,,,,,,Bagley city,1392,735,1235,603,1392,1235
2703214,160,27,,,,,,Baker CDP,55,23,,,55,
2703250,160,27,,,,,,Balaton city,643,307,637,296,643,637
2703376,160,27,,,,,,Ball Club CDP,342,111,,,342,
2703574,160,27,,,,,,Barnesville city,2563,1095,2173,923,2563,2173
2703628,160,27,,,,,,Barnum city,613,264,525,249,613,525
2703682,160,27,,,,,,Barrett city,415,195,355,163,415,355
2703718,160,27,,,,,,Barry city,16,15,25,17,16,25
2703970,160,27,,,,,,Battle Lake city,875,486,686,407,875,686
2704024,160,27,,,,,,Baudette city,1106,577,1104,540,1106,1104
2704204,160,27,,,,,,Beardsley city,233,141,262,148,233,262
2704348,160,27,,,,,,Beaulieu CDP,48,24,,,48,
2704456,160,27,,,,,,Beaver Bay city,181,187,175,139,181,175
2704492,160,27,,,,,,Beaver Creek city,297,122,250,112,297,250
2704618,160,27,,,,,,Becker city,4538,1644,2673,967,4538,2673
2704672,160,27,,,,,,Bejou city,89,42,94,46,89,94
2704798,160,27,,,,,,Bellechester city,175,79,172,78,175,172
2704834,160,27,,,,,,Belle Plaine city,6661,2501,3789,1424,6661,3789
2704960,160,27,,,,,,Bellingham city,168,106,205,112,168,205
2705014,160,27,,,,,,Beltrami city,107,45,101,48,107,101
2705050,160,27,,,,,,Belview city,384,177,412,170,384,412
2705104,160,27,,,,,,Bena city,116,60,110,72,116,110
2705212,160,27,,,,,,Benson city,3240,1602,3376,1566,3240,3376
2705482,160,27,,,,,,Bertha city,497,231,470,228,497,470
2705554,160,27,,,,,,Bethel city,466,192,443,155,466,443
2705644,160,27,,,,,,Bigelow city,235,97,231,96,235,231
2705680,160,27,,,,,,Big Falls city,236,181,264,191,236,264
2705744,160,27,,,,,,Big Lake CDP,443,287,,,443,
2705752,160,27,,,,,,Big Lake city,10060,3640,6063,2206,10060,6063
2706058,160,27,,,,,,Birchwood Village city,870,367,968,366,870,968
2706148,160,27,,,,,,Biwabik city,969,543,954,492,969,954
2706256,160,27,,,,,,Blackduck city,785,372,696,324,785,696
2706382,160,27,,,,,,Blaine city,57186,21921,44942,16169,57186,44942
2706490,160,27,,,,,,Blomkest city,157,72,186,70,157,186
2706778,160,27,,,,,,Bluffton city,207,83,210,77,207,210
2707030,160,27,,,,,,Borup city,110,51,91,50,110,91
2707048,160,27,,,,,,Bovey city,804,380,662,326,804,662
2707066,160,27,,,,,,Bowlus city,290,122,260,111,290,260
2707138,160,27,,,,,,Boyd city,175,114,210,116,175,210
2707174,160,27,,,,,,Boy River city,47,33,38,27,47,38
2707282,160,27,,,,,,Braham city,1793,755,1276,566,1793,1276
2707336,160,27,,,,,,Brandon city,489,220,450,199,489,450
2707462,160,27,,,,,,Breckenridge city,3386,1635,3559,1582,3386,3559
2707678,160,27,,,,,,Bricelyn city,365,197,379,208,365,379
2707948,160,27,,,,,,Brooklyn Center city,30104,11640,29172,11598,30104,29172
2707984,160,27,,,,,,Brook Park city,139,60,156,61,139,156
2708038,160,27,,,,,,Brooks city,141,66,141,64,141,141
2708056,160,27,,,,,,Brookston city,141,39,98,38,141,98
2708092,160,27,,,,,,Brooten city,743,320,649,338,743,649
2708164,160,27,,,,,,Brownsdale city,676,315,718,312,676,718
2708218,160,27,,,,,,Brownsville city,466,280,517,273,466,517
2708290,160,27,,,,,,Bruno city,102,53,102,56,102,102
2708416,160,27,,,,,,Buckman city,270,105,208,75,270,208
2708452,160,27,,,,,,Buffalo city,15453,6044,10097,3871,15453,10097
2708524,160,27,,,,,,Buhl city,1000,496,983,432,1000,983
2708794,160,27,,,,,,Burnsville city,60306,25759,60220,24261,60306,60220
2708902,160,27,,,,,,Burtrum city,144,73,146,82,144,146
2708992,160,27,,,,,,Butterfield city,586,238,564,235,586,564
2709154,160,27,,,,,,Byron city,4914,1891,3500,1206,4914,3500
2709226,160,27,,,,,,Caledonia city,2868,1344,2965,1286,2868,2965
2709370,160,27,,,,,,Cambridge city,8111,3426,5520,2373,8111,5520
2709604,160,27,,,,,,Canby city,1795,892,1903,918,1795,1903
2709730,160,27,,,,,,Cannon Falls city,4083,1869,3795,1611,4083,3795
2709802,160,27,,,,,,Canton city,346,177,343,171,346,343
2709964,160,27,,,,,,Carlos city,502,215,329,153,502,329
2710018,160,27,,,,,,Carlton city,862,355,810,325,862,810
2710144,160,27,,,,,,Carver city,3724,1236,1266,467,3724,1266
2710468,160,27,,,,,,Cedar Mills city,45,24,53,27,45,53
2710576,160,27,,,,,,Center City city,628,291,582,214,628,582
2710792,160,27,,,,,,Ceylon city,369,183,413,189,369,413
2710846,160,27,,,,,,Champlin city,23089,8598,22193,7514,23089,22193
2710900,160,27,,,,,,Chandler city,270,120,276,121,270,276
2710918,160,27,,,,,,Chanhassen city,22952,8679,20321,7013,22952,20321
2711008,160,27,,,,,,Chatfield city,2779,1174,2394,959,2779,2394
2711296,160,27,,,,,,Chickamaw Beach city,114,111,148,110,114,148
2711386,160,27,,,,,,Chisholm city,4976,2524,4960,2375,4976,4960
2711440,160,27,,,,,,Chokio city,400,229,443,239,400,443
2711494,160,27,,,,,,Circle Pines city,4918,2085,4663,1708,4918,4663
2711548,160,27,,,,,,Clara City city,1360,625,1393,629,1360,1393
2711602,160,27,,,,,,Clarissa city,681,323,609,292,681,609
2711656,160,27,,,,,,Clarkfield city,863,424,944,429,863,944
2711746,160,27,,,,,,Clearbrook city,518,280,551,259,518,551
2711764,160,27,,,,,,Clear Lake city,545,222,266,103,545,266
2711800,160,27,,,,,,Clearwater city,1735,762,858,355,1735,858
2711836,160,27,,,,,,Clements city,153,80,191,81,153,191
2711872,160,27,,,,,,Cleveland city,719,298,673,259,719,673
2711962,160,27,,,,,,Climax city,267,118,243,124,267,243
2711980,160,27,,,,,,Clinton city,449,255,453,230,449,453
2712088,160,27,,,,,,Clitherall city,112,64,118,62,112,118
2712124,160,27,,,,,,Clontarf city,164,69,173,65,164,173
2712160,160,27,,,,,,Cloquet city,12124,5235,11201,4805,12124,11201
2712376,160,27,,,,,,Coates city,161,71,163,66,161,163
2712394,160,27,,,,,,Cobden city,36,20,61,29,36,61
2712412,160,27,,,,,,Cohasset city,2698,1324,2481,1191,2698,2481
2712484,160,27,,,,,,Cold Spring city,4025,1641,2975,1145,4025,2975
2712502,160,27,,,,,,Coleraine city,1970,831,1110,462,1970,1110
2712664,160,27,,,,,,Cologne city,1519,562,1012,392,1519,1012
2712700,160,27,,,,,,Columbia Heights city,19496,8584,18520,8151,19496,18520
2712718,160,27,,,,,,Columbus city,3914,1464,,,3914,
2712772,160,27,,,,,,Comfrey city,382,180,367,171,382,367
2712952,160,27,,,,,,Conger city,146,69,133,62,146,133
2713114,160,27,,,,,,Coon Rapids city,61476,24462,61607,22828,61476,61607
2713168,160,27,,,,,,Corcoran city,5379,1919,5630,1804,5379,5630
2713384,160,27,,,,,,Correll city,34,27,47,30,34,47
2713456,160,27,,,,,,Cottage Grove city,34589,12102,30582,10024,34589,30582
2713870,160,27,,,,,,Crookston city,7891,3303,8192,3382,7891,8192
2713924,160,27,,,,,,Crosby city,2386,1241,2299,1081,2386,2299
2713978,160,27,,,,,,Crosslake city,2141,2799,1893,2477,2141,1893
2714158,160,27,,,,,,Crystal city,22151,9634,22698,9481,22151,22698
2714320,160,27,,,,,,Currie city,233,125,225,127,233,225
2714428,160,27,,,,,,Cuyuna city,332,162,231,113,332,231
2714446,160,27,,,,,,Cyrus city,288,157,303,164,288,303
2714518,160,27,,,,,,Dakota city,323,151,329,145,323,329
2714626,160,27,,,,,,Dalton city,253,133,258,119,253,258
2714716,160,27,,,,,,Danube city,505,227,529,223,505,529
2714734,160,27,,,,,,Danvers city,97,45,108,47,97,108
2714770,160,27,,,,,,Darfur city,108,59,137,59,108,137
2714968,160,27,,,,,,Dawson city,1540,768,1539,756,1540,1539
2715148,160,27,,,,,,Deephaven city,3642,1423,3853,1409,3642,3853
2715310,160,27,,,,,,Deer River city,930,434,903,415,930,903
2715418,160,27,,,,,,De Graff city,115,67,133,67,115,133
2715454,160,27,,,,,,Delano city,5464,2064,3837,1391,5464,3837
2715472,160,27,,,,,,Delavan city,179,104,223,108,179,223
2715670,160,27,,,,,,Denham city,35,25,40,23,35,40
2715706,160,27,,,,,,Dennison city,212,80,168,64,212,168
2715724,160,27,,,,,,Dent city,192,88,192,80,192,192
2715832,160,27,,,,,,Detroit Lakes city,8569,4535,7348,3782,8569,7348
2715886,160,27,,,,,,Dexter city,341,151,333,133,341,333
2715976,160,27,,,,,,Dilworth city,4024,1727,3001,1238,4024,3001
2715994,160,27,,,,,,Dodge Center city,2670,1061,2226,859,2670,2226
2716156,160,27,,,,,,Doran city,55,27,59,31,55,59
2716300,160,27,,,,,,Dovray city,57,38,67,36,57,67
2717000,160,27,,,,,,Duluth city,86265,38208,86918,36994,86265,86918
2717090,160,27,,,,,,Dumont city,100,54,122,57,100,122
2717144,160,27,,,,,,Dundee city,68,53,102,55,68,102
2717180,160,27,,,,,,Dunnell city,167,88,197,92,167,197
2717342,160,27,,,,,,Eagle Bend city,535,290,595,284,535,595
2717378,160,27,,,,,,Eagle Lake city,2422,931,1787,663,2422,1787
2717486,160,27,,,,,,East Bethel city,11626,4237,10941,3718,11626,10941
2717738,160,27,,,,,,Easton city,199,97,214,99,199,214
2717882,160,27,,,,,,Ebro CDP,64,24,,,64,
2718116,160,27,,,,,,Eden Prairie city,60797,25075,54901,21026,60797,54901
2718188,160,27,,,,,,Edina city,47941,22560,47425,21669,47941,47425
2718260,160,27,,,,,,Effie city,123,68,91,56,123,91
2718368,160,27,,,,,,Eitzen city,243,119,229,111,243,229
2718386,160,27,,,,,,Elba city,152,76,214,77,152,214
2718440,160,27,,,,,,Elbow Lake CDP,95,74,104,62,95,104
2718530,160,27,,,,,,Elgin city,1089,418,826,324,1089,826
2718566,160,27,,,,,,Elizabeth city,173,84,172,85,173,172
2718662,160,27,,,,,,Elko New Market city,4110,1328,,,4110,
2718674,160,27,,,,,,Elk River city,22974,8542,16447,5782,22974,16447
2718728,160,27,,,,,,Elkton city,141,59,149,59,141,149
2718836,160,27,,,,,,Ellsworth city,463,233,540,246,463,540
2718872,160,27,,,,,,Elmdale city,116,47,107,46,116,107
2718998,160,27,,,,,,Elmore city,663,320,735,338,663,735
2719088,160,27,,,,,,Elrosa city,211,91,166,69,211,166
2719160,160,27,,,,,,Elysian city,652,372,486,276,652,486
2719556,160,27,,,,,,Erhard city,148,70,150,73,148,150
2719718,160,27,,,,,,Esko CDP,1869,716,,,1869,
2719880,160,27,,,,,,Evan city,86,43,91,42,86,91
2719898,160,27,,,,,,Evansville city,612,292,566,268,612,566
2720078,160,27,,,,,,Excelsior city,2188,1254,2393,1254,2188,2393
2720114,160,27,,,,,,Eyota city,1977,790,1644,614,1977,1644
2720222,160,27,,,,,,Fairfax city,1235,577,1295,589,1235,1295
2720276,160,27,,,,,,Fairhaven CDP,358,180,,,358,
2720330,160,27,,,,,,Fairmont city,10666,5251,10889,5036,10666,10889
2720546,160,27,,,,,,Faribault city,23352,8946,20818,7668,23352,20818
2720618,160,27,,,,,,Farmington city,21086,7412,12365,4233,21086,12365
2720690,160,27,,,,,,Farwell city,51,30,57,30,51,57
2720798,160,27,,,,,,Federal Dam city,110,137,101,81,110,101
2721032,160,27,,,,,,Fifty Lakes city,387,585,392,515,387,392
2721104,160,27,,,,,,Finland CDP,195,134,,,195,
2721158,160,27,,,,,,Fisher city,435,196,435,197,435,435
2721190,160,27,,,,,,Fish Lake CDP,51,83,,,51,
2721266,160,27,,,,,,Flensburg city,225,94,244,92,225,244
2721338,160,27,,,,,,Floodwood city,528,292,503,290,528,503
2721536,160,27,,,,,,Foley city,2603,1038,2154,793,2603,2154
2721608,160,27,,,,,,Forada city,185,125,197,118,185,197
2721770,160,27,,,,,,Forest Lake city,18375,7508,6798,2897,18375,6798
2721824,160,27,,,,,,Foreston city,533,213,389,148,533,389
2722094,160,27,,,,,,Fountain city,410,177,343,137,410,343
2722202,160,27,,,,,,Foxhome city,116,66,143,65,116,143
2722526,160,27,,,,,,Freeborn city,297,130,305,136,297,305
2722652,160,27,,,,,,Freeport city,632,280,454,199,632,454
2722814,160,27,,,,,,Fridley city,27208,11760,27449,11504,27208,27449
2722904,160,27,,,,,,Frontenac CDP,282,121,,,282,
2722958,160,27,,,,,,Fulda city,1318,615,1283,568,1318,1283
2722976,160,27,,,,,,Funkley city,5,12,15,12,5,15
2723084,160,27,,,,,,Garden City CDP,255,113,,,255,
2723120,160,27,,,,,,Garfield city,354,158,281,121,354,281
2723228,160,27,,,,,,Garvin city,135,62,159,68,135,159
2723246,160,27,,,,,,Gary city,214,96,215,93,214,215
2723300,160,27,,,,,,Gaylord city,2305,996,2279,930,2305,2279
2723318,160,27,,,,,,Gem Lake city,393,161,419,145,393,419
2723354,160,27,,,,,,Geneva city,555,228,449,186,555,449
2723444,160,27,,,,,,Genola city,75,35,71,27,75,71
2723498,160,27,,,,,,Georgetown city,129,55,125,56,129,125
2723660,160,27,,,,,,Ghent city,370,164,315,131,370,315
2723714,160,27,,,,,,Gilbert city,1799,937,1847,900,1799,1847
2723804,160,27,,,,,,Gilman city,224,91,215,87,224,215
2723948,160,27,,,,,,Glencoe city,5631,2424,5453,2169,5631,5453
2724056,160,27,,,,,,Glenville city,643,290,720,312,643,720
2724074,160,27,,,,,,Glenwood city,2564,1339,2594,1202,2564,2594
2724182,160,27,,,,,,Glyndon city,1394,487,1049,403,1394,1049
2724308,160,27,,,,,,Golden Valley city,20371,9349,20281,8589,20371,20281
2724344,160,27,,,,,,Gonvick city,282,153,294,154,282,294
2724398,160,27,,,,,,Goodhue city,1176,443,778,298,1176,778
2724470,160,27,,,,,,Goodridge city,132,66,98,53,132,98
2724506,160,27,,,,,,Good Thunder city,583,242,592,233,583,592
2724524,160,27,,,,,,Goodview city,4036,1750,3373,1419,4036,3373
2724758,160,27,,,,,,Graceville city,577,305,605,283,577,605
2724884,160,27,,,,,,Granada city,303,147,317,136,303,317
2724992,160,27,,,,,,Grand Marais city,1351,863,1353,722,1351,1353
2725118,160,27,,,,,,Grand Rapids city,10869,4910,7764,3621,10869,7764
2725280,160,27,,,,,,Granite Falls city,2897,1417,3070,1472,2897,3070
2725334,160,27,,,,,,Grant city,4096,1509,4026,1399,4096,4026
2725424,160,27,,,,,,Grasston city,158,63,105,46,158,105
2725604,160,27,,,,,,Greenbush city,719,354,784,348,719,784
2725622,160,27,,,,,,Greenfield city,2777,970,2544,824,2777,2544
2725658,160,27,,,,,,Green Isle city,559,240,334,141,559,334
2725874,160,27,,,,,,Greenwald city,222,104,201,89,222,201
2726126,160,27,,,,,,Grove City city,635,291,608,271,635,608
2726270,160,27,,,,,,Gully city,66,53,106,66,66,106
2726378,160,27,,,,,,Hackensack city,313,194,285,187,313,285
2726450,160,27,,,,,,Hadley city,61,38,81,38,61,81
2726612,160,27,,,,,,Halma city,61,34,78,38,61,78
2726630,160,27,,,,,,Halstad city,597,306,622,295,597,622
2726738,160,27,,,,,,Ham Lake city,15296,5378,12710,4208,15296,12710
2726864,160,27,,,,,,Hampton city,689,268,434,159,689,434
2726936,160,27,,,,,,Hancock city,765,334,717,325,765,717
2726972,160,27,,,,,,Hanley Falls city,304,120,323,123,304,323
2726990,160,27,,,,,,Hanover city,2938,950,1355,456,2938,1355
2727098,160,27,,,,,,Harding city,125,47,105,43,125,105
2727116,160,27,,,,,,Hardwick city,198,103,222,104,198,222
2727530,160,27,,,,,,Hastings city,22172,9222,18204,6758,22172,18204
2727566,160,27,,,,,,Hatfield city,54,23,47,25,54,47
2727746,160,27,,,,,,Hawley city,2067,891,1882,787,2067,1882
2727872,160,27,,,,,,Hayfield city,1340,597,1325,519,1340,1325
2728016,160,27,,,,,,Hazel Run city,63,29,64,31,63,64
2728214,160,27,,,,,,Heidelberg city,122,47,72,27,122,72
2728394,160,27,,,,,,Henderson city,886,405,910,367,886,910
2728430,160,27,,,,,,Hendricks city,713,378,725,360,713,725
2728520,160,27,,,,,,Henning city,802,438,719,406,802,719
2728682,160,27,,,,,,Hermantown city,9414,3544,7448,2822,9414,7448
2728754,160,27,,,,,,Hewitt city,266,129,267,122,266,267
2728790,160,27,,,,,,Hibbing city,16361,8200,17071,8037,16361,17071
2729096,160,27,,,,,,Hill City city,633,444,479,391,633,479
2729150,160,27,,,,,,Hillman city,38,18,29,20,38,29
2729204,160,27,,,,,,Hills city,686,286,565,244,686,565
2729294,160,27,,,,,,Hinckley city,1800,785,1291,614,1800,1291
2729510,160,27,,,,,,Hokah city,580,287,614,278,580,614
2729582,160,27,,,,,,Holdingford city,708,330,736,297,708,736
2729636,160,27,,,,,,Hollandale city,303,146,292,137,303,292
2729672,160,27,,,,,,Holloway city,92,58,112,59,92,112
2729870,160,27,,,,,,Holt city,88,38,89,41,88,89
2730014,160,27,,,,,,Homer CDP,181,93,,,181,
2730140,160,27,,,,,,Hopkins city,17591,8987,17145,8390,17591,17145
2730230,160,27,,,,,,Houston city,979,456,1020,459,979,1020
2730302,160,27,,,,,,Hoyt Lakes city,2017,1016,2082,995,2017,2082
2730392,160,27,,,,,,Hugo city,13332,5189,6363,2174,13332,6363
2730446,160,27,,,,,,Humboldt city,45,26,61,38,45,61
2730806,160,27,,,,,,Ihlen city,63,39,107,44,63,107
2730842,160,27,,,,,,Independence city,3504,1305,3236,1115,3504,3236
2730950,160,27,,,,,,Inger CDP,212,63,,,212,
2731040,160,27,,,,,,International Falls city,6424,3157,6703,3264,6424,6703
2731076,160,27,,,,,,Inver Grove Heights city,33880,14062,29751,11457,33880,29751
2731094,160,27,,,,,,Iona city,137,88,173,91,137,173
2731238,160,27,,,,,,Iron Junction city,86,47,93,44,86,93
2731274,160,27,,,,,,Ironton city,572,299,498,263,572,498
2731328,160,27,,,,,,Isanti city,5251,2038,2324,834,5251,2324
2731472,160,27,,,,,,Isle city,751,501,707,414,751,707
2731526,160,27,,,,,,Ivanhoe city,559,317,679,341,559,679
2731562,160,27,,,,,,Jackson city,3299,1635,3501,1659,3299,3501
2731706,160,27,,,,,,Janesville city,2256,958,2109,848,2256,2109
2731760,160,27,,,,,,Jasper city,633,324,597,308,633,597
2731832,160,27,,,,,,Jenkins city,430,193,287,123,430,287
2732012,160,27,,,,,,Johnson city,29,17,32,16,29,32
2732174,160,27,,,,,,Jordan city,5470,1961,3833,1423,5470,3833
2732444,160,27,,,,,,Karlstad city,760,399,794,394,760,794
2732462,160,27,,,,,,Kasota city,675,305,680,279,675,680
2732498,160,27,,,,,,Kasson city,5931,2340,4398,1711,5931,4398
2732606,160,27,,,,,,Kelliher city,262,194,294,140,262,294
2732642,160,27,,,,,,Kellogg city,456,208,439,177,456,439
2732750,160,27,,,,,,Kenneth city,68,31,61,29,68,61
2732768,160,27,,,,,,Kensington city,292,147,286,148,292,286
2732786,160,27,,,,,,Kent city,81,39,120,47,81,120
2732840,160,27,,,,,,Kenyon city,1815,841,1661,719,1815,1661
2732912,160,27,,,,,,Kerrick city,65,32,71,34,65,71
2732966,160,27,,,,,,Kettle River city,180,96,168,88,180,168
2733164,160,27,,,,,,Kimball city,762,336,635,280,762,635
2733236,160,27,,,,,,Kinbrae city,12,11,21,14,12,21
2733344,160,27,,,,,,Kingston city,161,70,120,53,161,120
2733416,160,27,,,,,,Kinney city,169,83,199,88,169,199
2733866,160,27,,,,,,La Crescent city,4830,2126,4923,2014,4830,4923
2733920,160,27,,,,,,Lafayette city,504,244,529,206,504,529
2734136,160,27,,,,,,Lake Bronson city,229,144,246,147,229,246
2734244,160,27,,,,,,Lake Elmo city,8069,2877,6863,2389,8069,6863
2734316,160,27,,,,,,Lakefield city,1694,838,1721,784,1694,1721
2734370,160,27,,,,,,Lake George CDP,230,210,,,230,
2734478,160,27,,,,,,Lake Henry city,103,52,90,43,103,90
2734622,160,27,,,,,,Lakeland city,1796,728,1917,705,1796,1917
2734658,160,27,,,,,,Lakeland Shores city,311,122,355,121,311,355
2734784,160,27,,,,,,Lake Park city,783,350,782,326,783,782
2734928,160,27,,,,,,Lake Shore city,1004,1019,966,858,1004,966
2735180,160,27,,,,,,Lakeville city,55954,19456,43128,13799,55954,43128
2735378,160,27,,,,,,Lancaster city,340,189,363,193,340,363
2735450,160,27,,,,,,Lanesboro city,754,464,788,424,754,788
2735558,160,27,,,,,,Lansing CDP,181,84,,,181,
2735612,160,27,,,,,,Laporte city,111,80,145,79,111,145
2735648,160,27,,,,,,La Prairie city,665,287,605,249,665,605
2735702,160,27,,,,,,La Salle city,87,45,90,44,87,90
2735720,160,27,,,,,,Lastrup city,104,53,99,49,104,99
2736404,160,27,,,,,,Lengby city,86,60,79,53,86,79
2736494,160,27,,,,,,Leonard city,41,21,29,19,41,29
2736530,160,27,,,,,,Leonidas city,52,27,60,27,52,60
2736548,160,27,,,,,,Leota CDP,209,115,230,122,209,230
2736728,160,27,,,,,,Lester Prairie city,1730,704,1377,531,1730,1377
2736746,160,27,,,,,,Le Sueur city,4058,1782,3922,1589,4058,3922
2737304,160,27,,,,,,Lindstrom city,4442,1943,3015,1322,4442,3015
2737322,160,27,,,,,,Lino Lakes city,20216,6323,16791,4921,20216,16791
2737412,160,27,,,,,,Lismore city,227,107,238,103,227,238
2737556,160,27,,,,,,Little Falls city,8343,3867,7719,3358,8343,7719
2737592,160,27,,,,,,Littlefork city,647,296,680,302,647,680
2737656,160,27,,,,,,Little Rock CDP,1208,432,1055,298,1208,1055
2737970,160,27,,,,,,Long Beach city,335,269,271,159,335,271
2738006,160,27,,,,,,Long Lake city,1768,765,1842,764,1768,1842
2738060,160,27,,,,,,Long Prairie city,3458,1391,3040,1334,3458,3040
2738150,160,27,,,,,,Lonsdale city,3674,1370,1491,577,3674,1491
2738258,160,27,,,,,,Louisburg city,47,30,26,29,47,26
2738546,160,27,,,,,,Lutsen CDP,190,400,,,190,
2738564,160,27,,,,,,Luverne city,4745,2237,4617,2161,4745,4617
2738654,160,27,,,,,,Lyle city,551,235,566,225,551,566
2738708,160,27,,,,,,Lynd city,448,184,346,134,448,346
2738888,160,27,,,,,,Mabel city,780,394,766,365,780,766
2738996,160,27,,,,,,McGrath city,80,48,65,41,80,65
2739050,160,27,,,,,,McIntosh city,625,311,638,285,625,638
2739140,160,27,,,,,,McKinley city,128,67,80,43,128,80
2739230,160,27,,,,,,Madelia city,2308,1004,2340,1000,2308,2340
2739392,160,27,,,,,,Mahnomen city,1214,582,1202,576,1214,1202
2739394,160,27,,,,,,Mahnomen CDP,239,72,,,239,
2739428,160,27,,,,,,Mahtomedi city,7676,2910,7563,2581,7676,7563
2739446,160,27,,,,,,Mahtowa CDP,370,149,,,370,
2739716,160,27,,,,,,Manchester city,57,30,81,33,57,81
2739806,160,27,,,,,,Manhattan Beach city,57,58,50,61,57,50
2739878,160,27,,,,,,Mankato city,39309,15784,32427,12759,39309,32427
2739986,160,27,,,,,,Mantorville city,1197,451,1054,378,1197,1054
2740166,160,27,,,,,,Maple Grove city,61567,23626,50365,17745,61567,50365
2740220,160,27,,,,,,Maple Lake city,2059,822,1633,632,2059,1633
2740310,160,27,,,,,,Mapleton city,1756,715,1678,656,1756,1678
2740382,160,27,,,,,,Maplewood city,38018,15561,34947,14004,38018,34947
2740526,160,27,,,,,,Marietta city,162,101,174,109,162,174
2740562,160,27,,,,,,Marine on St. Croix city,689,348,602,290,689,602
2740688,160,27,,,,,,Marshall city,13680,5744,12735,5182,13680,12735
2740814,160,27,,,,,,Martin Lake CDP,933,434,,,933,
2741372,160,27,,,,,,Meadowlands city,134,78,111,61,134,111
2741462,160,27,,,,,,Medicine Lake city,371,174,368,170,371,368
2741480,160,27,,,,,,Medina city,4892,1780,4005,1337,4892,4005
2741534,160,27,,,,,,Meire Grove city,179,78,149,70,179,149
2741570,160,27,,,,,,Melrose city,3598,1410,3091,1206,3598,3091
2741660,160,27,,,,,,Menahga city,1306,654,1220,556,1306,1220
2741678,160,27,,,,,,Mendota city,198,82,197,80,198,197
2741696,160,27,,,,,,Mendota Heights city,11071,4620,11434,4252,11071,11434
2741714,160,27,,,,,,Mentor city,153,95,150,102,153,150
2741804,160,27,,,,,,Merrifield CDP,140,104,,,140,
2741912,160,27,,,,,,Middle River city,303,161,319,161,303,319
2742010,160,27,,,,,,Midway CDP,26,7,,,26,
2742092,160,27,,,,,,Miesville city,125,57,135,54,125,135
2742110,160,27,,,,,,Milaca city,2946,1449,2580,1164,2946,2580
2742254,160,27,,,,,,Millerville city,106,49,115,54,106,115
2742362,160,27,,,,,,Milroy city,252,127,271,132,252,271
2742398,160,27,,,,,,Miltona city,424,184,279,123,424,279
2743000,160,27,,,,,,Minneapolis city,382578,178287,382618,168606,382578,382618
2743036,160,27,,,,,,Minneiska city,111,62,116,55,111,116
2743198,160,27,,,,,,Minnesota Lake city,687,331,681,316,687,681
2743252,160,27,,,,,,Minnetonka city,49734,23294,51301,22228,49734,51301
2743270,160,27,,,,,,Minnetonka Beach city,539,231,614,224,539,614
2743720,160,27,,,,,,Montevideo city,5383,2510,5346,2551,5383,5346
2743738,160,27,,,,,,Montgomery city,2956,1306,2794,1137,2956,2794
2743774,160,27,,,,,,Monticello city,12759,4973,7868,3030,12759,7868
2743954,160,27,,,,,,Moose Lake city,2751,732,2239,628,2751,2239
2744044,160,27,,,,,,Mora city,3571,1684,3193,1471,3571,3193
2744116,160,27,,,,,,Morgan city,896,408,903,423,896,903
2744242,160,27,,,,,,Morris city,5286,2199,5068,2067,5286,5068
2744296,160,27,,,,,,Morristown city,987,424,981,374,987,981
2744368,160,27,,,,,,Morton city,411,211,442,216,411,442
2744422,160,27,,,,,,Motley city,671,338,585,270,671,585
2744476,160,27,,,,,,Mound city,9052,4379,9435,4118,9052,9435
2744530,160,27,,,,,,Mounds View city,12155,5221,12738,5130,12155,12738
2744566,160,27,,,,,,Mountain Lake city,2104,923,2082,896,2104,2082
2744818,160,27,,,,,,Murdock city,278,131,303,150,278,303
2744890,160,27,,,,,,Myrtle city,48,36,63,36,48,63
2744944,160,27,,,,,,Nashua city,68,31,69,33,68,69
2744980,160,27,,,,,,Nashwauk city,983,551,935,467,983,935
2745106,160,27,,,,,,Nelson city,187,92,172,76,187,172
2745196,160,27,,,,,,Nerstrand city,295,120,233,82,295,233
2745268,160,27,,,,,,Nett Lake CDP,284,94,,,284,
2745430,160,27,,,,,,New Brighton city,21456,9479,22206,9121,21456,22206
2745520,160,27,,,,,,Newfolden city,368,176,362,176,368,362
2745556,160,27,,,,,,New Germany city,372,168,346,147,372,346
2745628,160,27,,,,,,New Hope city,20339,9051,20873,8746,20339,20873
2745682,160,27,,,,,,New London city,1251,566,1066,439,1251,1066
2745772,160,27,,,,,,New Munich city,320,140,352,129,320,352
2745808,160,27,,,,,,New Prague city,7321,2862,4559,1735,7321,4559
2745862,160,27,,,,,,New Richland city,1203,531,1197,503,1203,1197
2746042,160,27,,,,,,New Ulm city,13522,5987,13594,5736,13522,13594
2746060,160,27,,,,,,New York Mills city,1199,602,1158,535,1199,1158
2746150,160,27,,,,,,Nicollet city,1093,445,889,350,1093,889
2746258,160,27,,,,,,Nielsville city,90,56,91,50,90,91
2746294,160,27,,,,,,Nimrod city,69,49,75,47,69,75
2746348,160,27,,,,,,Nisswa city,1971,1474,1953,1532,1971,1953
2746492,160,27,,,,,,Norcross city,70,39,59,40,70,59
2746798,160,27,,,,,,North Branch city,10125,3767,8023,2900,10125,8023
2746924,160,27,,,,,,Northfield city,20007,6832,17147,5119,20007,17147
2747068,160,27,,,,,,North Mankato city,13394,5864,11798,5046,13394,11798
2747104,160,27,,,,,,North Oaks city,4469,1868,3883,1332,4469,3883
2747122,160,27,,,,,,Northome city,200,104,230,113,200,230
2747212,160,27,,,,,,Northrop city,227,111,262,111,227,262
2747520,160,27,,,,,,Norwood Young America city,3549,1472,3108,1201,3549,3108
2747536,160,27,,,,,,Nowthen city,4443,1494,,,4443,
2747680,160,27,,,,,,Oakdale city,27378,11388,26653,10394,27378,26653
2747690,160,27,,,,,,Oak Grove city,8031,2882,6903,2232,8031,6903
2747914,160,27,,,,,,Oak Park Heights city,4339,2039,3957,1581,4339,3957
2748058,160,27,,,,,,Odessa city,135,68,113,66,135,113
2748094,160,27,,,,,,Odin city,106,64,125,66,106,125
2748184,160,27,,,,,,Okabena city,188,86,185,87,188,185
2748202,160,27,,,,,,Oklee city,435,225,396,229,435,396
2748256,160,27,,,,,,Olivia city,2484,1142,2570,1178,2484,2570
2748580,160,27,,,,,,Orono city,7437,3209,7538,2909,7437,7538
2748598,160,27,,,,,,Oronoco city,1300,477,883,343,1300,883
2748634,160,27,,,,,,Orr city,267,152,249,135,267,249
2748706,160,27,,,,,,Ortonville city,1916,1090,2158,1125,1916,2158
2748760,160,27,,,,,,Osage CDP,323,213,,,323,
2748796,160,27,,,,,,Osakis city,1740,942,1567,760,1740,1567
2748976,160,27,,,,,,Oslo city,330,158,347,162,330,347
2749012,160,27,,,,,,Osseo city,2430,1217,2434,1060,2430,2434
2749030,160,27,,,,,,Ostrander city,254,117,212,109,254,212
2749138,160,27,,,,,,Otsego city,13571,5022,6389,2120,13571,6389
2749210,160,27,,,,,,Ottertail city,572,401,451,323,572,451
2749300,160,27,,,,,,Owatonna city,25599,10724,22434,8940,25599,22434
2749498,160,27,,,,,,Palisade city,167,85,118,67,167,118
2750056,160,27,,,,,,Pease city,242,93,163,67,242,163
2750164,160,27,,,,,,Pelican Rapids city,2464,984,2374,962,2464,2374
2750200,160,27,,,,,,Pemberton city,247,98,246,86,247,246
2750506,160,27,,,,,,Perley city,92,53,121,61,92,121
2750596,160,27,,,,,,Peterson city,199,108,269,118,199,269
2750902,160,27,,,,,,Pillager city,469,218,420,181,469,420
2751028,160,27,,,,,,Pine Bend CDP,28,11,,,28,
2751136,160,27,,,,,,Pine Island city,3263,1399,2337,890,3263,2337
2751234,160,27,,,,,,Pine Point CDP,338,101,337,110,338,337
2751280,160,27,,,,,,Pine River city,944,457,928,464,944,928
2751316,160,27,,,,,,Pine Springs city,408,149,421,141,408,421
2751388,160,27,,,,,,Pipestone city,4317,2134,4280,2097,4317,4280
2751424,160,27,,,,,,Plainview city,3340,1355,3190,1223,3340,3190
2751460,160,27,,,,,,Plato city,320,146,336,145,320,336
2751712,160,27,,,,,,Plummer city,292,141,270,130,292,270
2751730,160,27,,,,,,Plymouth city,70576,29982,65894,25258,70576,65894
2752144,160,27,,,,,,Porter city,183,97,190,98,183,190
2752522,160,27,,,,,,Princeton city,4698,2044,3933,1670,4698,3933
2752594,160,27,,,,,,Prior Lake city,22796,8882,15917,5791,22796,15917
2752630,160,27,,,,,,Proctor city,3057,1361,2852,1246,3057,2852
2752756,160,27,,,,,,Quamba city,123,47,98,38,123,98
2752882,160,27,,,,,,Racine city,442,166,355,123,442,355
2753026,160,27,,,,,,Ramsey city,23668,8302,18510,5946,23668,18510
2753098,160,27,,,,,,Randolph city,436,177,318,121,436,318
2753134,160,27,,,,,,Ranier city,145,89,188,88,145,188
2753620,160,27,,,,,,Red Wing city,16459,7539,16116,6867,16459,16116
2753656,160,27,,,,,,Redwood Falls city,5254,2465,5459,2377,5254,5459
2753710,160,27,,,,,,Regal city,34,20,40,20,34,40
2753782,160,27,,,,,,Remer city,370,208,372,198,370,372
2753908,160,27,,,,,,Revere city,95,40,100,44,95,100
2753998,160,27,,,,,,Rice city,1275,490,711,250,1275,711
2754056,160,27,,,,,,Rice Lake CDP,235,77,226,65,235,226
2754268,160,27,,,,,,Richmond city,1422,627,1213,498,1422,1213
2754596,160,27,,,,,,Riverland CDP,276,74,,,276,
2754736,160,27,,,,,,Riverton city,117,61,115,61,117,115
2754808,160,27,,,,,,Robbinsdale city,13953,6416,14123,6243,13953,14123
2754880,160,27,,,,,,Rochester city,106769,45683,85806,35346,106769,85806
2754934,160,27,,,,,,Rock Creek city,1628,635,1119,417,1628,1119
2755006,160,27,,,,,,Rockford city,4316,1693,3484,1333,4316,3484
2755186,160,27,,,,,,Rogers city,8597,3014,3588,1245,8597,3588
2755276,160,27,,,,,,Rollingstone city,664,267,697,251,664,697
2755366,160,27,,,,,,Ronneby CDP,67,27,16,7,67,16
2755438,160,27,,,,,,Roosevelt city,151,77,166,67,151,166
2755510,160,27,,,,,,Roscoe city,102,56,116,41,102,116
2755546,160,27,,,,,,Roseau city,2633,1288,2756,1229,2633,2756
2755600,160,27,,,,,,Rose Creek city,394,167,354,153,394,354
2755726,160,27,,,,,,Rosemount city,21874,7853,14619,4845,21874,14619
2755852,160,27,,,,,,Roseville city,33660,15490,33690,14917,33660,33690
2756086,160,27,,,,,,Round Lake city,376,210,424,214,376,424
2756176,160,27,,,,,,Royalton city,1242,487,816,328,1242,816
2756212,160,27,,,,,,Roy Lake CDP,12,48,,,12,
2756266,160,27,,,,,,Rush City city,3079,908,2102,724,3079,2102
2756428,160,27,,,,,,Russell city,338,175,371,170,338,371
2756482,160,27,,,,,,Ruthton city,241,128,284,145,241,284
2756554,160,27,,,,,,Sabin city,522,187,421,158,522,421
2756572,160,27,,,,,,Sacred Heart city,548,282,549,290,548,549
2756680,160,27,,,,,,St. Anthony city,8226,4098,8012,3812,8226,8012
2756698,160,27,,,,,,St. Anthony city,86,33,90,36,86,90
2756724,160,27,,,,,,St. Augusta city,3317,1184,,,3317,
2756770,160,27,,,,,,St. Bonifacius city,2283,912,1873,695,2283,1873
2756824,160,27,,,,,,St. Clair city,868,313,827,305,868,827
2756896,160,27,,,,,,St. Cloud city,65842,27338,59107,23249,65842,59107
2756950,160,27,,,,,,St. Francis city,7218,2650,4910,1686,7218,4910
2757022,160,27,,,,,,St. Hilaire city,279,131,272,127,279,272
2757040,160,27,,,,,,St. James city,4605,2039,4695,2006,4605,4695
2757130,160,27,,,,,,St. Joseph city,6534,1912,4681,1147,6534,4681
2757202,160,27,,,,,,St. Leo city,100,58,106,57,100,106
2757220,160,27,,,,,,St. Louis Park city,45250,23285,44126,21140,45250,44126
2757292,160,27,,,,,,St. Marys Point city,368,164,344,144,368,344
2757346,160,27,,,,,,St. Michael city,16399,5482,9099,3058,16399,9099
2758036,160,27,,,,,,St. Peter city,11196,3697,9747,3129,11196,9747
2758072,160,27,,,,,,St. Rosa city,68,31,44,16,68,44
2758090,160,27,,,,,,St. Stephen city,851,316,860,294,851,860
2758144,160,27,,,,,,St. Vincent city,64,40,117,51,64,117
2758306,160,27,,,,,,Sanborn city,339,193,434,199,339,434
2758396,160,27,,,,,,Sandstone city,2849,652,1549,634,2849,1549
2758576,160,27,,,,,,Sargeant city,61,32,76,33,61,76
2758612,160,27,,,,,,Sartell city,15876,6123,9641,3531,15876,9641
2758684,160,27,,,,,,Sauk Rapids city,12773,5219,10213,4017,12773,10213
2758738,160,27,,,,,,Savage city,26911,9429,21115,6994,26911,21115
2758900,160,27,,,,,,Scandia city,3936,1704,,,3936,
2759098,160,27,,,,,,Seaforth city,86,38,77,41,86,77
2759116,160,27,,,,,,Searles CDP,171,79,,,171,
2759152,160,27,,,,,,Sebeka city,711,364,710,378,711,710
2759188,160,27,,,,,,Sedan city,45,28,65,31,45,65
2759314,160,27,,,,,,Shafer city,1045,402,343,129,1045,343
2759350,160,27,,,,,,Shakopee city,37076,13339,20568,7805,37076,20568
2759620,160,27,,,,,,Sherburn city,1137,563,1082,535,1137,1082
2759782,160,27,,,,,,Shevlin city,176,82,160,76,176,160
2759998,160,27,,,,,,Shoreview city,25043,10826,25924,10289,25043,25924
2760250,160,27,,,,,,Silver Bay city,1887,974,2068,933,1887,2068
2760322,160,27,,,,,,Silver Creek CDP,256,105,,,256,
2760376,160,27,,,,,,Silver Lake city,837,379,761,340,837,761
2760754,160,27,,,,,,Skyline city,289,118,330,125,289,330
2760808,160,27,,,,,,Slayton city,2153,1048,2072,1022,2153,2072
2761006,160,27,,,,,,Sobieski city,195,91,196,88,195,196
2761114,160,27,,,,,,Solway city,96,33,69,32,96,69
2761204,160,27,,,,,,Soudan CDP,446,244,,,446,
2761308,160,27,,,,,,South End CDP,25,12,,,25,
2761402,160,27,,,,,,South Haven city,187,74,204,76,187,204
2761690,160,27,,,,,,Spicer city,1167,621,1126,605,1167,1126
2761816,160,27,,,,,,Springfield city,2152,1015,2215,968,2152,2215
2761852,160,27,,,,,,Spring Grove city,1330,653,1304,610,1330,1304
2761888,160,27,,,,,,Spring Hill city,85,39,55,26,85,55
2762284,160,27,,,,,,Squaw Lake city,107,63,99,56,107,99
2762356,160,27,,,,,,Stanchfield CDP,118,46,,,118,
2762788,160,27,,,,,,Stewart city,571,261,564,254,571,564
2762806,160,27,,,,,,Stewartville city,5916,2425,5411,2074,5916,5411
2762824,160,27,,,,,,Stillwater city,18225,7576,15143,5926,18225,15143
2762896,160,27,,,,,,Stockton city,697,282,682,246,697,682
2763130,160,27,,,,,,Strathcona city,44,18,29,18,44,29
2763220,160,27,,,,,,Sturgeon Lake city,439,258,347,151,439,347
2763454,160,27,,,,,,Sunburg city,100,57,110,55,100,110
2763544,160,27,,,,,,Sunfish Lake city,521,194,504,178,521,504
2763778,160,27,,,,,,Swanville city,350,157,351,148,350,351
2764156,160,27,,,,,,Tamarack city,94,49,59,48,94,59
2764210,160,27,,,,,,Taopi city,58,25,93,34,58,93
2764264,160,27,,,,,,Taunton city,139,78,207,77,139,207
2764426,160,27,,,,,,Tenney city,5,9,6,8,5,6
2764543,160,27,,,,,,The Lakes CDP,667,791,619,598,667,619
2764547,160,27,,,,,,The Ranch CDP,9,9,,,9,
2764750,160,27,,,,,,Thomson city,159,76,153,67,159,153
2764948,160,27,,,,,,Tintah city,63,34,79,45,63,79
2765308,160,27,,,,,,Tracy city,2163,1032,2268,1013,2163,2268
2765470,160,27,,,,,,Trimont city,747,348,754,356,747,754
2765506,160,27,,,,,,Trommald city,98,55,125,52,98,125
2765542,160,27,,,,,,Trosky city,86,42,116,48,86,116
2765668,160,27,,,,,,Truman city,1115,541,1259,542,1115,1259
2765794,160,27,,,,,,Turtle River city,77,44,75,38,77,75
2765920,160,27,,,,,,Twin Lakes city,151,85,168,83,151,168
2765927,160,27,,,,,,Twin Lakes CDP,149,183,,,149,
2765938,160,27,,,,,,Twin Valley city,821,431,865,399,821,865
2765956,160,27,,,,,,Two Harbors city,3745,1799,3613,1631,3745,3613
2766136,160,27,,,,,,Ulen city,547,268,532,228,547,532
2766172,160,27,,,,,,Underwood city,341,180,319,154,341,319
2766388,160,27,,,,,,Urbank city,54,34,59,33,54,59
2766424,160,27,,,,,,Utica city,291,109,230,85,291,230
2766802,160,27,,,,,,Vermillion city,419,162,437,161,419,437
2766910,160,27,,,,,,Vernon Center city,332,142,359,137,332,359
2766982,160,27,,,,,,Vesta city,319,136,339,142,319,339
2767036,160,27,,,,,,Victoria city,7345,2545,4025,1410,7345,4025
2767090,160,27,,,,,,Viking city,104,46,92,44,104,92
2767144,160,27,,,,,,Villard city,254,127,244,116,254,244
2767180,160,27,,,,,,Vineland CDP,1001,369,607,189,1001,607
2767216,160,27,,,,,,Vining city,78,43,68,46,78,68
2767288,160,27,,,,,,Virginia city,8712,4738,9157,4692,8712,9157
2767378,160,27,,,,,,Wabasha city,2521,1315,2599,1166,2521,2599
2767396,160,27,,,,,,Wabasso city,696,308,643,297,696,643
2767432,160,27,,,,,,Waconia city,10697,4112,6814,2646,10697,6814
2767612,160,27,,,,,,Waite Park city,6715,3424,6568,3065,6715,6568
2767756,160,27,,,,,,Waldorf city,229,115,242,115,229,242
2767972,160,27,,,,,,Wanamingo city,1086,503,1007,411,1086,1007
2768008,160,27,,,,,,Wanda city,84,41,103,47,84,103
2768080,160,27,,,,,,Warba city,181,90,183,86,181,183
2768170,160,27,,,,,,Warren city,1563,743,1678,785,1563,1678
2768260,160,27,,,,,,Warsaw CDP,627,285,,,627,
2768584,160,27,,,,,,Waterville city,1868,963,1833,864,1868,1833
2768620,160,27,,,,,,Watkins city,962,438,880,367,962,880
2768764,160,27,,,,,,Waverly city,1357,603,732,332,1357,732
2769106,160,27,,,,,,Wells city,2343,1133,2494,1097,2343,2494
2769142,160,27,,,,,,Wendell city,167,87,177,84,167,177
2769250,160,27,,,,,,Westbrook city,739,418,755,412,739,755
2769304,160,27,,,,,,West Concord city,782,372,836,344,782,836
2769628,160,27,,,,,,Westport city,57,23,72,25,57,72
2769690,160,27,,,,,,West Roy Lake CDP,74,26,,,74,
2769700,160,27,,,,,,West St. Paul city,19540,9139,19405,8779,19540,19405
2769736,160,27,,,,,,West Union city,111,43,87,32,111,87
2769808,160,27,,,,,,Whalan city,63,55,64,45,63,64
2769844,160,27,,,,,,Wheaton city,1424,834,1619,907,1424,1619
2769880,160,27,,,,,,Whipholt CDP,99,111,,,99,
2770258,160,27,,,,,,Wilder city,60,28,69,33,60,69
2770402,160,27,,,,,,Williams city,191,110,210,115,191,210
2770420,160,27,,,,,,Willmar city,19610,8123,18351,7789,19610,18351
2770492,160,27,,,,,,Willow River city,415,199,309,155,415,309
2770582,160,27,,,,,,Wilmont city,339,152,332,155,339,332
2770708,160,27,,,,,,Wilton city,204,87,186,80,204,186
2770798,160,27,,,,,,Windom city,4646,2171,4490,2089,4646,4490
2770870,160,27,,,,,,Winger city,220,109,205,105,220,205
2770924,160,27,,,,,,Winnebago city,1437,688,1487,705,1437,1487
2771032,160,27,,,,,,Winona city,27592,10989,27069,10666,27592,27069
2771086,160,27,,,,,,Winsted city,2355,1017,2094,847,2355,2094
2771122,160,27,,,,,,Winthrop city,1399,640,1367,632,1399,1367
2771140,160,27,,,,,,Winton city,172,110,185,97,172,185
2771338,160,27,,,,,,Wolf Lake city,57,35,31,22,57,31
2771428,160,27,,,,,,Woodbury city,61961,23568,46463,17541,61961,46463
2771446,160,27,,,,,,Wood Lake city,439,195,436,190,439,436
2771500,160,27,,,,,,Woodland city,437,189,480,188,437,480
2771680,160,27,,,,,,Woodstock city,124,70,132,72,124,132
2771734,160,27,,,,,,Worthington city,12764,4699,11283,4573,12764,11283
2771788,160,27,,,,,,Wrenshall city,399,160,308,120,399,308
2771824,160,27,,,,,,Wright city,127,62,93,44,127,93
2771950,160,27,,,,,,Wykoff city,444,217,460,216,444,460
2772184,160,27,,,,,,Zemple city,93,30,75,29,93,75
2772238,160,27,,,,,,Zimmerman city,5228,1944,2851,1018,5228,2851
2772310,160,27,,,,,,Zumbro Falls city,207,90,177,81,207,177
2772328,160,27,,,,,,Zumbrota city,3252,1437,2789,1191,3252,2789
2702152,160,27,,,,,,Arlington city,2233,1018,2048,859,2233,2048
2702260,160,27,,,,,,Arnold CDP,2960,1226,3032,1123,2960,3032
2704114,160,27,,,,,,Bayport city,3471,912,3162,789,3471,3162
2706076,160,27,,,,,,Bird Island city,1042,547,1195,530,1042,1195
2706112,160,27,,,,,,Biscay city,113,47,114,48,113,114
2706688,160,27,,,,,,Blue Earth city,3353,1638,3621,1666,3353,3621
2707300,160,27,,,,,,Brainerd city,13590,6390,13178,5847,13590,13178
2707966,160,27,,,,,,Brooklyn Park city,75781,27841,67388,24846,75781,67388
2708200,160,27,,,,,,Browns Valley city,589,288,690,317,589,690
2708254,160,27,,,,,,Brownton city,762,349,807,344,762,807
2709496,160,27,,,,,,Campbell city,158,104,241,110,158,241
2710252,160,27,,,,,,Cass Lake city,770,371,860,384,770,860
2710972,160,27,,,,,,Chaska city,23770,9290,17449,6235,23770,17449
2711566,160,27,,,,,,Claremont city,548,249,620,249,548,620
2717288,160,27,,,,,,Eagan city,64206,26414,63557,24390,64206,63557
2720834,160,27,,,,,,Felton city,177,93,216,97,177,216
2720906,160,27,,,,,,Fergus Falls city,13138,6342,13471,5909,13138,13471
2720978,160,27,,,,,,Fertile city,842,428,893,433,842,893
2722472,160,27,,,,,,Frazee city,1350,595,1377,553,1350,1377
2726576,160,27,,,,,,Hallock city,981,549,1196,586,981,1196
2728484,160,27,,,,,,Hendrum city,307,143,315,139,307,315
2733056,160,27,,,,,,Kiester city,501,281,540,278,501,540
2734172,160,27,,,,,,Lake City city,5063,2687,4950,2347,5063,4950
2734676,160,27,,,,,,Lake Lillian city,238,136,257,135,238,257
2736134,160,27,,,,,,Le Center city,2499,971,2240,877,2499,2240
2739338,160,27,,,,,,Magnolia city,222,84,221,87,222,221
2743864,160,27,,,,,,Moorhead city,38065,15274,32177,12180,38065,32177
2744548,160,27,,,,,,Mountain Iron city,2869,1442,2999,1409,2869,2999
2745052,160,27,,,,,,Naytahwaush CDP,578,178,583,173,578,583
2745790,160,27,,,,,,Newport city,3435,1466,3715,1442,3435,3715
2748310,160,27,,,,,,Onamia city,878,398,847,355,878,847
2751892,160,27,,,,,,Ponemah CDP,724,189,874,215,724,874
2753890,160,27,,,,,,Renville city,1287,606,1323,544,1287,1323
2754214,160,27,,,,,,Richfield city,35228,15735,34439,15357,35228,34439
2756338,160,27,,,,,,Rushmore city,342,173,376,173,342,376
2758000,160,27,,,,,,St. Paul city,285068,120795,287151,115713,285068,287151
2758018,160,27,,,,,,St. Paul Park city,5279,2079,5070,1868,5279,5070
2758648,160,27,,,,,,Sauk Centre city,4317,1994,3930,1709,4317,3930
2761492,160,27,,,,,,South St. Paul city,20160,8666,20167,8313,20160,20167
2763022,160,27,,,,,,Storden city,219,124,274,132,219,274
2772022,160,27,,,,,,Wyoming city,7791,2845,3048,1055,7791,3048
2700316,160,27,,,,,,Afton city,2886,1143,2839,1027,2886,2839
2700622,160,27,,,,,,Albany city,2561,1071,1796,732,2561,1796
2702134,160,27,,,,,,Argyle city,639,282,656,284,639,656
2702692,160,27,,,,,,Atwater city,1133,494,1079,475,1133,1079
2704042,160,27,,,,,,Baxter city,7610,3176,5555,1979,7610,5555
2704762,160,27,,,,,,Belgrade city,740,363,750,342,740,750
2705068,160,27,,,,,,Bemidji city,13431,5748,11917,4948,13431,11917
2705698,160,27,,,,,,Bigfork city,446,241,469,226,446,469
2705896,160,27,,,,,,Bingham Lake city,126,63,167,65,126,167
2706580,160,27,,,,,,Blooming Prairie city,1996,864,1933,774,1996,1933
2706616,160,27,,,,,,Bloomington city,82893,37641,85172,37104,82893,85172
2706814,160,27,,,,,,Bock city,106,49,106,48,106,106
2707516,160,27,,,,,,Breezy Point city,2346,1797,979,899,2346,979
2707660,160,27,,,,,,Brewster city,473,218,502,218,473,502
2708110,160,27,,,,,,Browerville city,790,366,735,337,790,735
2708488,160,27,,,,,,Buffalo Lake city,733,327,768,313,733,768
2709280,160,27,,,,,,Callaway city,234,88,200,77,234,200
2709316,160,27,,,,,,Calumet city,367,178,383,178,367,383
2710648,160,27,,,,,,Centerville city,3792,1363,3202,1094,3792,3202
2711350,160,27,,,,,,Chisago City city,4967,2209,2622,1107,4967,2622
2711674,160,27,,,,,,Clarks Grove city,706,312,734,296,706,734
2712430,160,27,,,,,,Cokato city,2694,1103,2727,1035,2694,2727
2712862,160,27,,,,,,Comstock city,93,44,123,49,93,123
2713006,160,27,,,,,,Cook city,574,306,622,302,574,622
2713420,160,27,,,,,,Cosmos city,473,261,582,261,473,582
2713564,160,27,,,,,,Cottonwood city,1212,545,1148,481,1212,1148
2713582,160,27,,,,,,Courtland city,611,251,538,190,611,538
2713780,160,27,,,,,,Cromwell city,234,180,143,94,234,143
2714842,160,27,,,,,,Darwin city,350,153,276,130,350,276
2714878,160,27,,,,,,Dassel city,1469,620,1233,551,1469,1233
2715022,160,27,,,,,,Dayton city,4671,1699,4699,1566,4671,4699
2715184,160,27,,,,,,Deer Creek city,322,161,328,163,322,328
2715346,160,27,,,,,,Deerwood city,532,319,590,309,532,590
2715544,160,27,,,,,,Delhi city,70,35,69,35,70,69
2715616,160,27,,,,,,Dellwood city,1063,409,1033,374,1063,1033
2716030,160,27,,,,,,Donaldson city,42,21,41,22,42,41
2716084,160,27,,,,,,Donnelly city,241,125,254,121,241,254
2716264,160,27,,,,,,Dover city,735,282,438,174,735,438
2717126,160,27,,,,,,Dundas city,1367,533,547,229,1367,547
2717612,160,27,,,,,,East Grand Forks city,8601,3626,7501,3108,8601,7501
2717630,160,27,,,,,,East Gull Lake city,1004,792,978,709,1004,978
2717900,160,27,,,,,,Echo city,278,122,278,136,278,278
2718134,160,27,,,,,,Eden Valley city,1042,485,866,376,1042,866
2718152,160,27,,,,,,Edgerton city,1189,525,1033,477,1189,1033
2718458,160,27,,,,,,Elbow Lake city,1176,623,1275,624,1176,1275
2718746,160,27,,,,,,Ellendale city,691,317,590,260,691,590
2719142,160,27,,,,,,Ely city,3460,2022,3724,1912,3460,3724
2719286,160,27,,,,,,Emily city,813,1055,847,876,813,847
2719340,160,27,,,,,,Emmons city,391,190,432,191,391,432
2719700,160,27,,,,,,Erskine city,503,273,437,250,503,437
2719934,160,27,,,,,,Eveleth city,3718,1942,3865,1965,3718,3865
2720420,160,27,,,,,,Falcon Heights city,5321,2254,5572,2136,5321,5572
2721122,160,27,,,,,,Finlayson city,315,145,314,136,315,314
2721410,160,27,,,,,,Florence city,39,20,61,27,39,61
2721932,160,27,,,,,,Fort Ripley city,69,37,74,35,69,74
2721986,160,27,,,,,,Fosston city,1527,750,1575,739,1527,1575
2722364,160,27,,,,,,Franklin city,510,230,498,217,510,498
2722940,160,27,,,,,,Frost city,198,123,251,126,198,251
2723192,160,27,,,,,,Garrison city,210,184,213,191,210,213
2723678,160,27,,,,,,Gibbon city,772,394,808,378,772,808
2725010,160,27,,,,,,Grand Meadow city,1139,485,945,407,1139,945
2725918,160,27,,,,,,Greenwood city,688,327,729,297,688,729
2726000,160,27,,,,,,Grey Eagle city,348,189,335,164,348,335
2726216,160,27,,,,,,Grygla city,221,131,228,128,221,228
2726666,160,27,,,,,,Hamburg city,513,222,538,209,513,538
2726828,160,27,,,,,,Hammond city,132,65,198,84,132,198
2727008,160,27,,,,,,Hanska city,402,197,443,196,402,443
2727188,160,27,,,,,,Harmony city,1020,541,1080,500,1020,1080
2727278,160,27,,,,,,Harris city,1132,449,1121,393,1132,1121
2727404,160,27,,,,,,Hartland city,315,148,288,144,315,288
2727944,160,27,,,,,,Hayward city,250,123,249,116,250,249
2728124,160,27,,,,,,Hector city,1151,573,1166,532,1151,1166
2728574,160,27,,,,,,Henriette city,71,38,101,38,71,101
2728646,160,27,,,,,,Herman city,437,254,452,237,437,452
2728700,160,27,,,,,,Heron Lake city,698,343,768,322,698,768
2729258,160,27,,,,,,Hilltop city,744,414,766,426,744,766
2729402,160,27,,,,,,Hitterdal city,201,100,201,102,201,201
2729474,160,27,,,,,,Hoffman city,681,325,672,307,681,672
2729618,160,27,,,,,,Holland city,187,110,215,112,187,215
2730284,160,27,,,,,,Howard Lake city,1962,865,1853,759,1962,1853
2730644,160,27,,,,,,Hutchinson city,14178,6393,13080,5667,14178,13080
2731796,160,27,,,,,,Jeffers city,369,196,396,200,369,396
2732372,160,27,,,,,,Kandiyohi city,491,233,555,228,491,555
2732570,160,27,,,,,,Keewatin city,1068,546,1164,550,1068,1164
2732732,160,27,,,,,,Kennedy city,193,114,255,131,193,255
2732876,160,27,,,,,,Kerkhoven city,759,352,759,338,759,759
2733110,160,27,,,,,,Kilkenny city,134,63,148,61,134,148
2734100,160,27,,,,,,Lake Benton city,683,383,703,365,683,703
2734190,160,27,,,,,,Lake Crystal city,2549,1143,2420,973,2549,2420
2734865,160,27,,,,,,Lake St. Croix Beach city,1051,502,1140,487,1051,1140
2735198,160,27,,,,,,Lake Wilson city,251,139,270,135,251,270
2735288,160,27,,,,,,Lamberton city,824,429,859,447,824,859
2735414,160,27,,,,,,Landfall city,686,285,700,300,686,700
2735738,160,27,,,,,,Lauderdale city,2379,1202,2364,1169,2379,2364
2736620,160,27,,,,,,Le Roy city,929,488,925,433,929,925
2736800,160,27,,,,,,Lewiston city,1620,634,1484,563,1620,1484
2736818,160,27,,,,,,Lewisville city,250,116,274,126,250,274
2736836,160,27,,,,,,Lexington city,2049,861,2214,879,2049,2214
2737016,160,27,,,,,,Lilydale city,623,444,552,383,623,552
2737448,160,27,,,,,,Litchfield city,6726,2930,6562,2741,6726,6562
2737502,160,27,,,,,,Little Canada city,9773,4689,9771,4471,9773,9771
2738114,160,27,,,,,,Longville city,156,164,180,150,156,180
2738222,160,27,,,,,,Loretto city,650,278,570,228,650,570
2738366,160,27,,,,,,Lowry city,299,141,271,122,299,271
2738420,160,27,,,,,,Lucan city,191,110,226,108,191,226
2739014,160,27,,,,,,McGregor city,391,207,404,199,391,404
2739266,160,27,,,,,,Madison city,1551,873,1768,882,1551,1768
2739320,160,27,,,,,,Madison Lake city,1017,430,837,370,1017,837
2740256,160,27,,,,,,Maple Plain city,1768,775,2088,786,1768,2088
2740346,160,27,,,,,,Mapleview city,176,93,189,96,176,189
2740418,160,27,,,,,,Marble city,701,315,695,308,701,695
2741138,160,27,,,,,,Mayer city,1749,619,554,205,1749,554
2741210,160,27,,,,,,Maynard city,366,175,388,181,366,388
2741282,160,27,,,,,,Mazeppa city,842,362,778,335,842,778
2741426,160,27,,,,,,Medford city,1239,470,984,388,1239,984
2742146,160,27,,,,,,Milan city,369,178,326,176,369,326
2742290,160,27,,,,,,Millville city,182,80,186,78,182,186
2743126,160,27,,,,,,Minneota city,1392,635,1449,614,1392,1449
2743144,160,27,,,,,,Minnesota City city,204,89,235,85,204,235
2743306,160,27,,,,,,Minnetrista city,6384,2336,4358,1567,6384,4358
2743540,160,27,,,,,,Mizpah city,56,45,78,51,56,78
2743810,160,27,,,,,,Montrose city,2847,1116,1143,467,2847,1143
2745016,160,27,,,,,,Nassau city,72,42,83,47,72,83
2745340,160,27,,,,,,Nevis city,390,217,364,199,390,364
2745376,160,27,,,,,,New Auburn city,456,206,488,182,456,488
2746024,160,27,,,,,,New Trier city,112,42,116,31,112,116
2747221,160,27,,,,,,North St. Paul city,11460,4822,11929,4753,11460,11929
2747923,160,27,,,,,,Oakport CDP,1387,509,1334,462,1387,1334
2748130,160,27,,,,,,Ogema city,184,84,143,73,184,143
2748166,160,27,,,,,,Ogilvie city,369,186,474,199,369,474
2748562,160,27,,,,,,Ormsby city,131,68,154,68,131,154
2749732,160,27,,,,,,Parkers Prairie city,1011,464,991,442,1011,991
2749768,160,27,,,,,,Park Rapids city,3709,2003,3276,1616,3709,3276
2749966,160,27,,,,,,Paynesville city,2432,1148,2267,984,2432,2267
2750344,160,27,,,,,,Pennock city,508,184,504,173,508,504
2750416,160,27,,,,,,Pequot Lakes city,2162,1392,947,564,2162,947
2750470,160,27,,,,,,Perham city,2985,1388,2559,1167,2985,2559
2750776,160,27,,,,,,Pierz city,1393,605,1277,522,1393,1277
2751064,160,27,,,,,,Pine City city,3123,1468,3043,1275,3123,3043
2752450,160,27,,,,,,Preston city,1325,675,1426,616,1325,1426
2752558,160,27,,,,,,Prinsburg city,497,216,458,192,497,458
2753080,160,27,,,,,,Randall city,650,301,535,229,650,535
2753296,160,27,,,,,,Raymond city,764,336,803,332,764,803
2753386,160,27,,,,,,Redby CDP,1334,404,957,251,1334,957
2753458,160,27,,,,,,Red Lake CDP,1731,506,1430,421,1731,1430
2753476,160,27,,,,,,Red Lake Falls city,1427,670,1590,652,1427,1590
2754340,160,27,,,,,,Richville city,96,49,124,50,96,124
2755078,160,27,,,,,,Rockville city,2448,1041,749,281,2448,749
2756014,160,27,,,,,,Rothsay city,493,250,497,231,493,497
2756284,160,27,,,,,,Rushford city,1731,772,1696,761,1731,1696
2756302,160,27,,,,,,Rushford Village city,807,325,714,279,807,714
2756518,160,27,,,,,,Rutledge city,229,130,196,110,229,196
2756788,160,27,,,,,,St. Charles city,3735,1532,3295,1276,3735,3295
2757238,160,27,,,,,,St. Martin city,308,126,278,98,308,278
2758936,160,27,,,,,,Scanlon city,991,448,838,374,991,838
2759566,160,27,,,,,,Shelly city,191,117,266,122,191,266
2760016,160,27,,,,,,Shorewood city,7307,2812,7400,2599,7307,7400
2760844,160,27,,,,,,Sleepy Eye city,3599,1605,3515,1591,3599,3515
2761996,160,27,,,,,,Spring Lake Park city,6412,2795,6772,2756,6412,6772
2762014,160,27,,,,,,Spring Park city,1669,1072,1717,983,1669,1717
2762104,160,27,,,,,,Spring Valley city,2479,1172,2518,1090,2479,2518
2762320,160,27,,,,,,Stacy city,1456,591,1278,474,1456,1278
2762446,160,27,,,,,,Staples city,2981,1469,3104,1436,2981,3104
2762500,160,27,,,,,,Starbuck city,1302,671,1314,633,1302,1314
2762662,160,27,,,,,,Steen city,180,76,182,72,180,182
2762698,160,27,,,,,,Stephen city,658,346,708,331,658,708
2763112,160,27,,,,,,Strandquist city,69,47,88,50,69,88
2764048,160,27,,,,,,Taconite city,360,162,315,150,360,315
2764318,160,27,,,,,,Taylors Falls city,976,457,951,386,976,951
2764444,160,27,,,,,,Tenstrike city,201,121,195,110,201,195
2764570,160,27,,,,,,Thief River Falls city,8573,4061,8410,3931,8573,8410
2765164,160,27,,,,,,Tonka Bay city,1475,657,1547,651,1475,1547
2765272,160,27,,,,,,Tower city,500,331,479,295,500,479
2765344,160,27,,,,,,Trail city,46,36,62,35,46,62
2766046,160,27,,,,,,Tyler city,1143,583,1218,577,1143,1218
2766334,160,27,,,,,,Upsala city,427,211,424,196,427,424
2766460,160,27,,,,,,Vadnais Heights city,12302,5243,13069,5132,12302,13069
2766766,160,27,,,,,,Vergas city,331,202,311,165,331,311
2766874,160,27,,,,,,Verndale city,602,253,575,260,602,575
2767504,160,27,,,,,,Wadena city,4088,2010,4294,1964,4088,4294
2767558,160,27,,,,,,Wahkon city,206,206,314,256,206,314
2767792,160,27,,,,,,Walker city,941,605,1069,517,941,1069
2767846,160,27,,,,,,Walnut Grove city,871,367,599,341,871,599
2767900,160,27,,,,,,Walters city,73,36,88,38,73,88
2767918,160,27,,,,,,Waltham city,151,73,196,72,151,196
2768224,160,27,,,,,,Warroad city,1781,839,1722,766,1781,1722
2768296,160,27,,,,,,Waseca city,9410,3818,8493,3563,9410,8493
2768548,160,27,,,,,,Watertown city,4205,1697,3029,1100,4205,3029
2768656,160,27,,,,,,Watson city,205,102,209,98,205,209
2768674,160,27,,,,,,Waubun city,400,182,403,183,400,403
2768818,160,27,,,,,,Wayzata city,3688,2041,4113,2047,3688,4113
2769070,160,27,,,,,,Welcome city,686,341,721,347,686,721
2769970,160,27,,,,,,White Bear Lake city,23797,10479,24325,9813,23797,24325
2770006,160,27,,,,,,White Earth CDP,580,235,424,165,580,424
2770366,160,27,,,,,,Willernie city,507,240,549,229,507,549
2771392,160,27,,,,,,Wolverton city,142,67,122,73,142,122
